{
	"Type": "ComboFirmware",
	"UpdatableBy": ["Uefi","RuntimeAgent"],
	"DeviceClass":"79F0C163-0C13-4662-9DEA-09235FEF90CB",
	"Devices": {
		"Device": [
		{
			"DeviceName": "HPE Smart Array P816i-a SR Gen10 Controller",
			"Target": "a6b1a447-382a-5a4f-9005-028f103c1100",
			"Version": "3.00",
			"FirmwareImages": [{
				"FileName": "HPE_luxor.bin.fw",
				"DirectFlashOk": false,
				"Order": 1,
				"UefiFlashable": true,
				"Type": "Firmware",
				"ResetRequired": true,
				"DelayAfterInstallSec": 10,
				"InstallDurationSec": 300
			}]
		}
		,
		{
			"DeviceName": "HPE Smart Array P416ie-m SR G10 Controller",
			"Target": "a6b1a447-382a-5a4f-9005-028f103c1101",
			"Version": "3.00",
			"FirmwareImages": [{
				"FileName": "HPE_luxor.bin.fw",
				"DirectFlashOk": false,
				"Order": 1,
				"UefiFlashable": true,
				"Type": "Firmware",
				"ResetRequired": true,
				"DelayAfterInstallSec": 10,
				"InstallDurationSec": 300
			}]
		}
		,
		{
			"DeviceName": "HPE Smart Array P408e-p SR Gen10 Controller",
			"Target": "a6b1a447-382a-5a4f-9005-028f103c0601",
			"Version": "3.00",
			"FirmwareImages": [{
				"FileName": "HPE_luxor.bin.fw",
				"DirectFlashOk": false,
				"Order": 1,
				"UefiFlashable": true,
				"Type": "Firmware",
				"ResetRequired": true,
				"DelayAfterInstallSec": 10,
				"InstallDurationSec": 300
			}]
		}
		,
		{
			"DeviceName": "HPE Smart Array P408i-c SR Gen10 Controller",
			"Target": "a6b1a447-382a-5a4f-9005-028f103c0603",
			"Version": "3.00",
			"FirmwareImages": [{
				"FileName": "HPE_luxor.bin.fw",
				"DirectFlashOk": false,
				"Order": 1,
				"UefiFlashable": true,
				"Type": "Firmware",
				"ResetRequired": true,
				"DelayAfterInstallSec": 10,
				"InstallDurationSec": 300
			}]
		}
		,
		{
			"DeviceName": "HPE Smart Array P408i-a SR Gen10 Controller",
			"Target": "a6b1a447-382a-5a4f-9005-028f103c0602",
			"Version": "3.00",
			"FirmwareImages": [{
				"FileName": "HPE_luxor.bin.fw",
				"DirectFlashOk": false,
				"Order": 1,
				"UefiFlashable": true,
				"Type": "Firmware",
				"ResetRequired": true,
				"DelayAfterInstallSec": 10,
				"InstallDurationSec": 300
			}]
		}
		,
		{
			"DeviceName": "HPE Smart Array P408i-p SR Gen10 Controller",
			"Target": "a6b1a447-382a-5a4f-9005-028f103c0600",
			"Version": "3.00",
			"FirmwareImages": [{
				"FileName": "HPE_luxor.bin.fw",
				"DirectFlashOk": false,
				"Order": 1,
				"UefiFlashable": true,
				"Type": "Firmware",
				"ResetRequired": true,
				"DelayAfterInstallSec": 10,
				"InstallDurationSec": 300
			}]
		}
		,
		{
			"DeviceName": "HPE Smart Array P204i-b SR Gen10 Controller",
			"Target": "a6b1a447-382a-5a4f-9005-028f103c0701",
			"Version": "3.00",
			"FirmwareImages": [{
				"FileName": "HPE_luxor.bin.fw",
				"DirectFlashOk": false,
				"Order": 1,
				"UefiFlashable": true,
				"Type": "Firmware",
				"ResetRequired": true,
				"DelayAfterInstallSec": 10,
				"InstallDurationSec": 300
			}]
		}
		,
		{
			"DeviceName": "HPE Smart Array P204i-c SR Gen10 Controller",
			"Target": "a6b1a447-382a-5a4f-9005-028f103c0700",
			"Version": "3.00",
			"FirmwareImages": [{
				"FileName": "HPE_luxor.bin.fw",
				"DirectFlashOk": false,
				"Order": 1,
				"UefiFlashable": true,
				"Type": "Firmware",
				"ResetRequired": true,
				"DelayAfterInstallSec": 10,
				"InstallDurationSec": 300
			}]
		}
		,
		{
			"DeviceName": "HPE Smart Array E208i-c SR Gen10 Controller",
			"Target": "a6b1a447-382a-5a4f-9005-028f103c0652",
			"Version": "3.00",
			"FirmwareImages": [{
				"FileName": "HPE_luxor.bin.fw",
				"DirectFlashOk": false,
				"Order": 1,
				"UefiFlashable": true,
				"Type": "Firmware",
				"ResetRequired": true,
				"DelayAfterInstallSec": 10,
				"InstallDurationSec": 300
			}]
		}
		,
		{
			"DeviceName": "HPE Smart Array E208e-p SR Gen10 Controller",
			"Target": "a6b1a447-382a-5a4f-9005-028f103c0651",
			"Version": "3.00",
			"FirmwareImages": [{
				"FileName": "HPE_luxor.bin.fw",
				"DirectFlashOk": false,
				"Order": 1,
				"UefiFlashable": true,
				"Type": "Firmware",
				"ResetRequired": true,
				"DelayAfterInstallSec": 10,
				"InstallDurationSec": 300
			}]
		}
		,
		{
			"DeviceName": "HPE Smart Array E208i-p SR Gen10 Controller",
			"Target": "a6b1a447-382a-5a4f-9005-028f103c0650",
			"Version": "3.00",
			"FirmwareImages": [{
				"FileName": "HPE_luxor.bin.fw",
				"DirectFlashOk": false,
				"Order": 1,
				"UefiFlashable": true,
				"Type": "Firmware",
				"ResetRequired": true,
				"DelayAfterInstallSec": 10,
				"InstallDurationSec": 300
			}]
		}
		,
		{
			"DeviceName": "HPE Smart Array E208i-a SR Gen10 Controller",
			"Target": "a6b1a447-382a-5a4f-9005-028f103c0654",
			"Version": "3.00",
			"FirmwareImages": [{
				"FileName": "HPE_luxor.bin.fw",
				"DirectFlashOk": false,
				"Order": 1,
				"UefiFlashable": true,
				"Type": "Firmware",
				"ResetRequired": true,
				"DelayAfterInstallSec": 10,
				"InstallDurationSec": 300
			}]
		}
		,
		{
			"DeviceName": "HPE Smart Array P408i-sb Controller",
			"Target": "a6b1a447-382a-5a4f-9005-028f103c0609",
			"Version": "3.00",
			"FirmwareImages": [{
				"FileName": "HPE_luxor.bin.fw",
				"DirectFlashOk": false,
				"Order": 1,
				"UefiFlashable": true,
				"Type": "Firmware",
				"ResetRequired": true,
				"DelayAfterInstallSec": 10,
				"InstallDurationSec": 300
			}]
		}
		,
		{
			"DeviceName": "HPE Smart Array P408e-m SR Gen10 Controller",
			"Target": "a6b1a447-382a-5a4f-9005-028f103c0655",
			"Version": "3.00",
			"FirmwareImages": [{
				"FileName": "HPE_luxor.bin.fw",
				"DirectFlashOk": false,
				"Order": 1,
				"UefiFlashable": true,
				"Type": "Firmware",
				"ResetRequired": true,
				"DelayAfterInstallSec": 10,
				"InstallDurationSec": 300
			}]
		}
		]
	}
}
